<?xml version="1.0" encoding="utf-8"?>
<extension version="3.0.0" type="plugin" group="api" method="upgrade">
    <name>PLG_API_REPORTS</name>
    <version>1.0</version>
    <creationDate>28th May 2018</creationDate>
    <author>Techjoomla</author>
    <authorEmail>extensions@techjoomla.com</authorEmail>
    <authorUrl>https://techjoomla.com</authorUrl>
    <copyright>Techjoomla. All rights reserved.</copyright>
    <license>http://www.gnu.org/licenses/gpl-2.0.html GNU/GPL</license>
    <description>PLG_API_REPORTS_DESCRIPTION</description>
    <files>
        <filename plugin="reports">reports.php</filename>
        <folder>reports</folder>
        <folder>language</folder>
    </files>
    <languages folder="language">
        <language tag="en-GB">en-GB/en-GB.plg_api_reports.ini</language>
        <language tag="en-GB">en-GB/en-GB.plg_api_reports.sys.ini</language>
    </languages>
</extension>
